case,label,median_ms,p20_ms,p80_ms
wgrad out=1024 in=4096 T=1024,main,0.032735999673604965,0.0323840007185936,0.033344000577926636
wgrad out=1024 in=4096 T=1024,change1,0.03302399814128876,0.03270399942994118,0.03356799855828285
wgrad out=1024 in=4096 T=1024,change2,0.027936000376939774,0.027712000533938408,0.02844800055027008
wgrad out=1024 in=4096 T=4096,main,0.05491200089454651,0.05430399999022484,0.05552000179886818
wgrad out=1024 in=4096 T=4096,change1,0.058848001062870026,0.05833600088953972,0.059487998485565186
wgrad out=1024 in=4096 T=4096,change2,0.052960000932216644,0.05251200124621391,0.05366399884223938
wgrad out=1024 in=4096 T=14336,main,0.14444799721240997,0.143327996134758,0.14575999975204468
wgrad out=1024 in=4096 T=14336,change1,0.1555519998073578,0.15343999862670898,0.15689599514007568
wgrad out=1024 in=4096 T=14336,change2,0.147039994597435,0.14614400267601013,0.14857600629329681
wgrad out=32768 in=1024 T=1024,main,0.1350719928741455,0.13327999413013458,0.1382720023393631
wgrad out=32768 in=1024 T=1024,change1,0.13929599523544312,0.1356160044670105,0.14112000167369843
wgrad out=32768 in=1024 T=1024,change2,0.13475200533866882,0.13116799294948578,0.13644159734249114
wgrad out=32768 in=1024 T=4096,main,0.3389759957790375,0.33294720649719234,0.347628790140152
wgrad out=32768 in=1024 T=4096,change1,0.35865598917007446,0.35468798875808716,0.3627200126647949
wgrad out=32768 in=1024 T=4096,change2,0.3540160059928894,0.3507840037345886,0.3569920063018799
wgrad out=32768 in=1024 T=14336,main,1.1495360136032104,1.1174912214279176,1.162662386894226
wgrad out=32768 in=1024 T=14336,change1,1.1902400255203247,1.186303973197937,1.2053120136260986
wgrad out=32768 in=1024 T=14336,change2,1.1829760074615479,1.1753024101257323,1.201632022857666
