group,label,total_us,pct_busy,pct_window,calls,mean_us,median_us,min_us,max_us,kernel_names
compute,"deep_gemm::sm90_fp8_gemm_1d1d_impl<0u, 4096u, 4096u, 1u, 128u, 136u, 128u, 128u, 128u, 4u, 128u, 256u, 2u, false, 132u, (deep_gemm::GemmType)0, float>",3645.344,27.32,20.16,80,45.567,45.535,43.360,48.640,"void deep_gemm::sm90_fp8_gemm_1d1d_impl<0u, 4096u, 4096u, 1u, 128u, 136u, 128u, 128u, 128u, 4u, 128u, 256u, 2u, false, 132u, (deep_gemm::GemmType)0, float>(__nv_fp8_e4m3*, __nv_fp8_e4m3*, int*, CUtensorMap_st*, unsigned int, unsigned int, unsigned int, CUtensorMap_st, CUtensorMap_st, CUtensorMap_st, CUtensorMap_st, CUtensorMap_st)"
compute,_per_token_fp8_kernel,3582.175,26.84,19.81,40,89.554,83.648,28.096,163.296,_per_token_fp8_kernel
compute,"deep_gemm::sm90_fp8_gemm_1d2d_impl<(cute::UMMA::Major)0, 0u, 4096u, 1024u, 8u, 256u, 128u, 128u, 128u, 128u, 128u, 3u, 128u, 256u, 1u, false, 132u, (deep_gemm::GemmType)4, deep_gemm::epilogue::transform::EpilogueIdentity>",2300.160,17.24,12.72,10,230.016,230.416,225.600,236.704,"void deep_gemm::sm90_fp8_gemm_1d2d_impl<(cute::UMMA::Major)0, 0u, 4096u, 1024u, 8u, 256u, 128u, 128u, 128u, 128u, 128u, 3u, 128u, 256u, 1u, false, 132u, (deep_gemm::GemmType)4, deep_gemm::epilogue::transform::EpilogueIdentity>(float*, int*, unsigned int, unsigned int, unsigned int, CUtensorMap_st, CUtensorMap_st, CUtensorMap_st, CUtensorMap_st)"
compute,"deep_gemm::sm90_fp8_gemm_1d2d_impl<(cute::UMMA::Major)0, 0u, 1024u, 4096u, 8u, 256u, 128u, 128u, 128u, 128u, 128u, 3u, 128u, 256u, 1u, false, 132u, (deep_gemm::GemmType)4, deep_gemm::epilogue::transform::EpilogueIdentity>",2035.839,15.26,11.26,10,203.584,203.792,199.936,209.312,"void deep_gemm::sm90_fp8_gemm_1d2d_impl<(cute::UMMA::Major)0, 0u, 1024u, 4096u, 8u, 256u, 128u, 128u, 128u, 128u, 128u, 3u, 128u, 256u, 1u, false, 132u, (deep_gemm::GemmType)4, deep_gemm::epilogue::transform::EpilogueIdentity>(float*, int*, unsigned int, unsigned int, unsigned int, CUtensorMap_st, CUtensorMap_st, CUtensorMap_st, CUtensorMap_st)"
compute,_grouped_per_block_fp8_kernel,540.513,4.05,2.99,20,27.026,26.848,26.336,28.064,_grouped_per_block_fp8_kernel
compute,"vectorized_elementwise_kernel<8, bfloat16_copy_kernel_cuda::lambda(float)>",471.073,3.53,2.61,10,47.107,47.136,46.304,48.032,"void at::native::vectorized_elementwise_kernel<8, at::native::bfloat16_copy_kernel_cuda(at::TensorIteratorBase&)::{lambda(float)#1}, std::array<char*, 2ul> >(int, at::native::bfloat16_copy_kernel_cuda(at::TensorIteratorBase&)::{lambda(float)#1}, std::array<char*, 2ul>)"
compute,"deep_gemm::transpose_fp32<512u, 64u, 32u, 33u>",335.875,2.52,1.86,160,2.099,2.112,1.728,2.720,"void deep_gemm::transpose_fp32<512u, 64u, 32u, 33u>(float const*, float*, unsigned int)"
compute,"vectorized_elementwise_kernel<4, FillFunctor<float>>",296.800,2.22,1.64,10,29.680,29.552,29.377,30.816,"void at::native::vectorized_elementwise_kernel<4, at::native::FillFunctor<float>, std::array<char*, 1ul> >(int, at::native::FillFunctor<float>, std::array<char*, 1ul>)"
compute,"elementwise_kernel<128, 2, direct_copy_kernel_cuda::lambda(float)>",136.512,1.02,0.76,20,6.826,7.056,4.064,10.176,"void at::native::elementwise_kernel<128, 2, at::native::gpu_kernel_impl_nocast<at::native::direct_copy_kernel_cuda(at::TensorIteratorBase&)::{lambda()#3}::operator()() const::{lambda()#7}::operator()() const::{lambda(float)#1}>(at::TensorIteratorBase&, at::native::direct_copy_kernel_cuda(at::TensorIteratorBase&)::{lambda()#3}::operator()() const::{lambda()#7}::operator()() const::{lambda(float)#1} const&)::{lambda(int)#1}>(int, at::native::gpu_kernel_impl_nocast<at::native::direct_copy_kernel_cuda(at::TensorIteratorBase&)::{lambda()#3}::operator()() const::{lambda()#7}::operator()() const::{lambda(float)#1}>(at::TensorIteratorBase&, at::native::direct_copy_kernel_cuda(at::TensorIteratorBase&)::{lambda()#3}::operator()() const::{lambda()#7}::operator()() const::{lambda(float)#1} const&)::{lambda(int)#1})"
