mode,callbacks,zero_copy_receive,receive_native_return_mean_seconds,receive_cycle_seconds,materialize_mean_seconds,workflow_measured_seconds,receive_max_loop_lag_seconds,workflow_max_loop_lag_seconds,parent_peak_rss_gib,receiver_tree_peak_pss_gib,receiver_tree_peak_summed_rss_gib,node,native_episode_fingerprint
delta-pickle,True,False,67.06832104781643,"[71.9363056793809, 62.20033641625196]",3.5320874131284654,191.61640634573996,1.4556374334543944,1.4556374334543944,16.69408416748047,17.65908432006836,17.75601577758789,ltc-idc3-hgx8-h200-30,63cc33538ea62aca108eb98396c4c3311c1797aef712f0b13d12444a27217fe8
delta-shm,True,False,43.51385818421841,"[46.201647859066725, 40.82606850937009]",2.889883396215737,148.1405589338392,2.169116011708975,2.169116011708975,17.398815155029297,18.150681495666504,19.422794342041016,ltc-idc3-hgx8-h200-30,63cc33538ea62aca108eb98396c4c3311c1797aef712f0b13d12444a27217fe8
owner-shm,False,False,51.56081457063556,"[51.928267636336386, 51.19336150493473]",37.66676547192037,162.9996876232326,1.0943152344599367,1.0943152344599367,16.643882751464844,29.49776840209961,30.01412582397461,ltc-idc3-hgx8-h200-30,63cc33538ea62aca108eb98396c4c3311c1797aef712f0b13d12444a27217fe8
thread,False,False,33.481977329123765,"[35.87603762932122, 31.087917028926313]",3.515137388370931,126.0768932942301,1.139908931106329,1.139908931106329,16.431724548339844,16.381497383117676,16.439525604248047,ltc-idc3-hgx8-h200-30,63cc33538ea62aca108eb98396c4c3311c1797aef712f0b13d12444a27217fe8
thread,True,False,32.81931799091399,"[35.339311697520316, 30.29932428430766]",3.445728274527937,125.05232658237219,0.9024992025271058,0.9024992025271058,16.44668960571289,16.446269989013672,16.419086456298828,ltc-idc3-hgx8-h200-30,63cc33538ea62aca108eb98396c4c3311c1797aef712f0b13d12444a27217fe8
typed-bytes,True,False,31.96877420740202,"[33.54982376098633, 30.387724653817713]",2.8013167418539524,123.35459689795971,1.338033571727574,1.338033571727574,16.459991455078125,16.230979919433594,16.467838287353516,ltc-idc3-hgx8-h200-30,63cc33538ea62aca108eb98396c4c3311c1797aef712f0b13d12444a27217fe8
typed-views,False,False,35.43591903336346,"[37.914689207449555, 32.95714885927737]",3.228090936783701,136.20433524623513,1.2499707125872375,1.2499707125872375,19.115623474121094,19.11754035949707,19.037609100341797,ltc-idc3-hgx8-h200-30,63cc33538ea62aca108eb98396c4c3311c1797aef712f0b13d12444a27217fe8
typed-views,True,False,34.81916632736102,"[37.14141479693353, 32.4969178577885]",2.8888115868903697,133.14523477945477,0.9204930512979627,0.9204930512979627,16.44180679321289,16.443065643310547,16.429031372070312,ltc-idc3-hgx8-h200-30,63cc33538ea62aca108eb98396c4c3311c1797aef712f0b13d12444a27217fe8
thread,False,True,23.728729772381485,"[25.742450188845396, 21.715009355917573]",3.50345792574808,106.01003912743181,0.8188696865737438,0.8188696865737438,16.367172241210938,16.350594520568848,16.36639404296875,ltc-idc3-hgx8-h200-30,63cc33538ea62aca108eb98396c4c3311c1797aef712f0b13d12444a27217fe8
typed-views,False,True,22.460007458459586,"[25.86291025299579, 19.057104663923383]",3.1598952682688832,106.10905088949949,0.7128355744108558,0.7128355744108558,19.14013671875,19.140106201171875,19.139530181884766,ltc-idc3-hgx8-h200-30,63cc33538ea62aca108eb98396c4c3311c1797aef712f0b13d12444a27217fe8
