row,main,branch,delta
compute: strided copy,185.08092750549315,152.64475729370116,-32.43617021179199
compute: row unpack,26.765920440673828,0.0,-26.765920440673828
compute: permute index,104.31299185180664,96.62723974609375,-7.6857521057128935
compute: other compute,786.9345144424439,791.6121855316162,4.67767108917235
compute: other FP8 GEMM,126.81577917480469,125.04312660217285,-1.7726525726318414
compute: FP8 grouped GEMM,200.6685446472168,202.21973275756835,1.5511881103515464
compute: FP8 casts,100.67987596130371,101.26082368469238,0.5809477233886753
compute: BF16 GEMM,216.80640813446044,217.3016375579834,0.4952294235229715
compute: attention,207.2117716217041,207.35405755615236,0.14228593444826743
exposed comm: SendRecv/AllToAll,725.3559468994141,568.8984075775146,-156.4575393218995
exposed comm: AllGather,28.654375778198244,9.838919174194336,-18.815456604003906
exposed comm: ReduceScatter,296.7440857849121,308.2718014678955,11.527715682983398
exposed comm: AllReduce,0.9628245391845703,0.921063720703125,-0.041760818481445305
"idle, host late: blocked in cudaStreamSynchronize: aten::div in FSDP::post_backward_reduce (model.layers.1) [pg=1]",45.62511599731445,0.0,-45.62511599731445
"idle, host late: blocked in cudaStreamSynchronize: aten::div in FSDP::post_backward_reduce (model.layers.0) [pg=1]",0.0,42.16998374938965,42.16998374938965
"idle, host late: other sites",37.30081854248047,11.909993591308593,-25.39082495117188
"idle, host late: blocked in cudaStreamSynchronize: aten::mul",0.0,15.590084243774415,15.590084243774415
"idle, host late: blocked in cudaStreamSynchronize: aten::empty",11.569015747070312,0.0,-11.569015747070312
"idle, host late: aten::empty",8.887552276611329,0.0,-8.887552276611329
"idle, host late: blocked in cudaStreamSynchronize: aten::_local_scalar_dense",13.71775146484375,7.445034912109375,-6.272716552734376
"idle, host late: aten::empty_strided",5.7753260040283205,0.0,-5.7753260040283205
"idle, host late: aten::copy_",0.0,4.030235565185547,4.030235565185547
"idle, host late: no cpu_op in forward",0.0,1.6675663146972657,1.6675663146972657
"idle, queued (stream wait)",11.165306030273438,12.106447311401368,0.9411412811279298
